{"chunk_definitions":[{"chunk_id":"cqt9iiz2lwrdd","chunk_label":"load_packages","document_id":"4EFD6158","expansion_state":0,"options":{"engine":"r","label":"load_packages"},"row":20,"row_count":1,"visible":true},{"chunk_id":"cxi8036a033bn","chunk_label":"unnamed-chunk-1","document_id":"4EFD6158","expansion_state":0,"options":{"engine":"r","label":"unnamed-chunk-2"},"row":30,"row_count":1,"visible":true},{"chunk_id":"cn4jrnnvdl5n2","chunk_label":"unnamed-chunk-2","document_id":"4EFD6158","expansion_state":0,"options":{"engine":"r","label":"unnamed-chunk-9"},"row":46,"row_count":1,"visible":true},{"chunk_id":"c1wl2i4fwtqwb","chunk_label":"unnamed-chunk-3","document_id":"4EFD6158","expansion_state":0,"options":{"engine":"r","label":"unnamed-chunk-28"},"row":67,"row_count":1,"visible":true},{"chunk_id":"c14ygifdnj8w0","chunk_label":"unnamed-chunk-4","document_id":"4EFD6158","expansion_state":0,"options":{"engine":"r","label":"unnamed-chunk-18"},"row":73,"row_count":1,"visible":true},{"chunk_id":"chxchq1iz1yzb","chunk_label":"unnamed-chunk-5","document_id":"4EFD6158","expansion_state":0,"options":{"engine":"r","label":"unnamed-chunk-22"},"row":77,"row_count":1,"visible":true},{"chunk_id":"cp4r34ezdxjzd","chunk_label":"unnamed-chunk-6","document_id":"4EFD6158","expansion_state":0,"options":{"engine":"r","label":"unnamed-chunk-24"},"row":89,"row_count":1,"visible":true},{"chunk_id":"cwy5ba1m8o9wf","chunk_label":"unnamed-chunk-7","document_id":"4EFD6158","expansion_state":0,"options":{"engine":"r","label":"unnamed-chunk-68"},"row":95,"row_count":1,"visible":true},{"chunk_id":"czs9upsr8w6ja","chunk_label":"unnamed-chunk-8","document_id":"4EFD6158","expansion_state":0,"options":{"engine":"r","label":"unnamed-chunk-67"},"row":115,"row_count":1,"visible":true},{"chunk_id":"cw1zrob5r34mp","chunk_label":"unnamed-chunk-9","document_id":"4EFD6158","expansion_state":0,"options":{"engine":"r","label":"unnamed-chunk-75"},"row":146,"row_count":1,"visible":true},{"chunk_id":"cj1nf0jabapue","chunk_label":"unnamed-chunk-10","document_id":"4EFD6158","expansion_state":0,"options":{"engine":"r","label":"unnamed-chunk-77"},"row":167,"row_count":1,"visible":true},{"chunk_id":"ceau1u5f1sp53","chunk_label":"unnamed-chunk-11","document_id":"4EFD6158","expansion_state":0,"options":{"engine":"r","label":"unnamed-chunk-107"},"row":181,"row_count":1,"visible":true},{"chunk_id":"cdzujinzct0wo","chunk_label":"unnamed-chunk-12","document_id":"4EFD6158","expansion_state":0,"options":{"engine":"r","label":"unnamed-chunk-108"},"row":187,"row_count":1,"visible":true},{"chunk_id":"c0crkq920ertq","chunk_label":"unnamed-chunk-13","document_id":"4EFD6158","expansion_state":0,"options":{"engine":"r","label":"unnamed-chunk-109"},"row":193,"row_count":1,"visible":true},{"chunk_id":"c55wnu3io1d87","chunk_label":"unnamed-chunk-14","document_id":"4EFD6158","expansion_state":0,"options":{"engine":"r","label":"unnamed-chunk-119"},"row":216,"row_count":1,"visible":true},{"chunk_id":"c1vyivqhldk3l","chunk_label":"unnamed-chunk-15","document_id":"4EFD6158","expansion_state":0,"options":{"engine":"r","label":"unnamed-chunk-145"},"row":223,"row_count":1,"visible":true},{"chunk_id":"covulkemzlfgb","chunk_label":"unnamed-chunk-16","document_id":"4EFD6158","expansion_state":0,"options":{"engine":"r","label":"unnamed-chunk-146"},"row":230,"row_count":1,"visible":true},{"chunk_id":"cgzoud5nbxc95","chunk_label":"unnamed-chunk-17","document_id":"4EFD6158","expansion_state":0,"options":{"engine":"r","label":"unnamed-chunk-188"},"row":248,"row_count":1,"visible":true},{"chunk_id":"cg3hvrgdmdfv5","chunk_label":"unnamed-chunk-18","document_id":"4EFD6158","expansion_state":0,"options":{"engine":"r","label":"unnamed-chunk-176"},"row":256,"row_count":1,"visible":true},{"chunk_id":"cs2xti89alueg","chunk_label":"unnamed-chunk-19","document_id":"4EFD6158","expansion_state":0,"options":{"engine":"r","label":"unnamed-chunk-178"},"row":281,"row_count":1,"visible":true},{"chunk_id":"c4haeyqvmrks8","chunk_label":"unnamed-chunk-20","document_id":"4EFD6158","expansion_state":0,"options":{"engine":"r","label":"unnamed-chunk-183"},"row":298,"row_count":1,"visible":true},{"chunk_id":"csk43hujgitig","chunk_label":"unnamed-chunk-21","document_id":"4EFD6158","expansion_state":0,"options":{"engine":"r","label":"unnamed-chunk-185"},"row":326,"row_count":1,"visible":true},{"chunk_id":"cw8rcrw5ln050","chunk_label":"unnamed-chunk-22","document_id":"4EFD6158","expansion_state":0,"options":{"engine":"r","label":"unnamed-chunk-195"},"row":340,"row_count":1,"visible":true},{"chunk_id":"cn065gqi6xw4g","chunk_label":"unnamed-chunk-23","document_id":"4EFD6158","expansion_state":0,"options":{"engine":"r","label":"unnamed-chunk-194"},"row":358,"row_count":1,"visible":true},{"chunk_id":"c8l9udjqqximp","chunk_label":"unnamed-chunk-24","document_id":"4EFD6158","expansion_state":0,"options":{"engine":"r","label":"unnamed-chunk-196"},"row":373,"row_count":1,"visible":true},{"chunk_id":"ce0qkaui6kr09","chunk_label":"unnamed-chunk-25","document_id":"4EFD6158","expansion_state":0,"options":{"engine":"r","label":"unnamed-chunk-133"},"row":392,"row_count":1,"visible":true},{"chunk_id":"c2ku55l40gwnt","chunk_label":"unnamed-chunk-26","document_id":"4EFD6158","expansion_state":0,"options":{"engine":"r","label":"unnamed-chunk-134"},"row":397,"row_count":1,"visible":true}],"chunk_rendered_width":563,"doc_write_time":1607508821}