"0","best_mse = 10000000000 "
"0",""
"0","for(m in 1:5){"
"0",""
"0","  formulas <- generate_formulas(p= m, x_vars = predictors, "
"0","                                y_var = ""Salary"")"
"0","  "
"0","  for(i in 1:length(formulas)){"
"0","    mse <- lm_mse(as.formula(formulas[i]), combined_train, "
"0","                  baseball_test)"
"0","    if (mse < best_mse) {"
"0","      best_mse <- mse"
"0","      best <- formulas[i]"
"0","      best_index <- i"
"0","    }"
"0","  "
"0","  }"
"0","}"
"0",""
"0","cat(""Best: "", best)"
"1","Best: "
"1"," "
"1","Salary ~ AtBat + Hits + Runs + CRBI + PutOuts"
"0","cat(""\nindex:"", best_index)"
"1","
index:"
"1"," "
"1","201"
"0","cat(""\nMSE:"", best_mse)"
"1","
MSE:"
"1"," "
"1","100113.6"
