{"chunk_definitions":[{"chunk_id":"csetup_chunk","chunk_label":"setup","document_id":"8A2CAFBE","expansion_state":0,"options":{"engine":"r","include":false,"label":"setup"},"row":14,"row_count":1,"visible":true},{"chunk_id":"c7rpd5n84wea9","chunk_label":"load_packages","document_id":"8A2CAFBE","expansion_state":0,"options":{"engine":"r","label":"load_packages"},"row":20,"row_count":1,"visible":true},{"chunk_id":"cakz3p8vtc581","chunk_label":"unnamed-chunk-2","document_id":"8A2CAFBE","expansion_state":0,"options":{"engine":"r","label":"unnamed-chunk-135"},"row":44,"row_count":1,"visible":true},{"chunk_id":"cvfft1cqw5fdb","chunk_label":"unnamed-chunk-3","document_id":"8A2CAFBE","expansion_state":0,"options":{"engine":"r","label":"unnamed-chunk-19"},"row":88,"row_count":1,"visible":true},{"chunk_id":"cdaab07x9ss8y","chunk_label":"unnamed-chunk-4","document_id":"8A2CAFBE","expansion_state":0,"options":{"engine":"r","label":"unnamed-chunk-91"},"row":104,"row_count":1,"visible":true},{"chunk_id":"cbz8bzdgs1obv","chunk_label":"unnamed-chunk-5","document_id":"8A2CAFBE","expansion_state":0,"options":{"engine":"r","label":"unnamed-chunk-50"},"row":111,"row_count":1,"visible":true},{"chunk_id":"comds159q2z59","chunk_label":"unnamed-chunk-6","document_id":"8A2CAFBE","expansion_state":0,"options":{"engine":"r","label":"unnamed-chunk-136"},"row":123,"row_count":1,"visible":true},{"chunk_id":"c9ue7x67vkc7o","chunk_label":"unnamed-chunk-7","document_id":"8A2CAFBE","expansion_state":0,"options":{"engine":"r","label":"unnamed-chunk-129"},"row":135,"row_count":1,"visible":true},{"chunk_id":"cofzubvhegpsp","chunk_label":"unnamed-chunk-8","document_id":"8A2CAFBE","expansion_state":0,"options":{"engine":"r","label":"unnamed-chunk-137"},"row":143,"row_count":1,"visible":true}],"chunk_rendered_width":700,"default_chunk_options":{"echo":true},"doc_write_time":1606141604,"working_dir":null}