"0","splits <- c(rep(""train"", floor(dim(baseball)[1]*0.5)),"
"0","            rep(""valid"", floor(dim(baseball)[1]*0.3)),"
"0","            rep(""test"", dim(baseball)[1] - floor(dim(baseball)[1]*0.5) - floor(dim(baseball)[1]*0.3)))"
"0",""
"0","baseball <- mutate(baseball, baseball_master = sample(splits, length(splits)))"
"0",""
"0","baseball_train <- filter(baseball, baseball_master == ""train"")"
"0","baseball_valid <-  filter(baseball, baseball_master == ""valid"")"
"0","baseball_test <-  filter(baseball, baseball_master == ""test"")"
